{"episode_rewards": [1200.0], "timestamps": [1589992760.7756174], "initial_reset_timestamp": 1589992745.7070847, "episode_lengths": [50], "episode_types": ["t"]}